{
    "Спутник 4": {
        "health": 0,
        "age": 0,
        "flags": 141,
        "sv": 4,
        "frqNum": 6,
        "dne": 578,
        "tk": 77400,
        "tb": 78300,
        "r": [
            -7976.09912109375,
            10250.14208984375,
            21974.18994140625
        ],
        "v": [
            -3.003422737121582,
            -0.023105621337891,
            -1.081212043762207
        ],
        "w": [
            -1.862645e-09,
            -9.31323e-10,
            -9.31323e-10
        ],
        "tauSys": -1.89058483e-07,
        "tau": -4.2061321437e-05,
        "gamma": 9.09e-13,
        "name": "Спутник 4"
    },
    "Спутник 5": {
        "health": 0,
        "age": 0,
        "flags": 141,
        "sv": 5,
        "frqNum": 1,
        "dne": 578,
        "tk": 77400,
        "tb": 78300,
        "r": [
            11406.8271484375,
            10131.94384765625,
            20440.77099609375
        ],
        "v": [
            -2.795928955078125,
            -0.131600379943848,
            1.625444412231445
        ],
        "w": [
            0.0,
            0.0,
            -2.793968e-09
        ],
        "tauSys": -1.89058483e-07,
        "tau": 0.000169168226421,
        "gamma": 0.0,
        "name": "Спутник 5"
    },
    "Спутник 6": {
        "health": 0,
        "age": 0,
        "flags": 141,
        "sv": 6,
        "frqNum": -4,
        "dne": 578,
        "tk": 77400,
        "tb": 78300,
        "r": [
            24342.75634765625,
            3797.5458984375,
            6671.1181640625
        ],
        "v": [
            -0.90982723236084,
            -0.160531044006348,
            3.404714584350586
        ],
        "w": [
            9.31323e-10,
            9.31323e-10,
            -1.862645e-09
        ],
        "tauSys": -1.89058483e-07,
        "tau": -3.2551586628e-05,
        "gamma": 0.0,
        "name": "Спутник 6"
    },
    "Спутник 13": {
        "health": 0,
        "age": 0,
        "flags": 141,
        "sv": 13,
        "frqNum": -2,
        "dne": 578,
        "tk": 77400,
        "tb": 78300,
        "r": [
            -11580.04296875,
            -855.91796875,
            22690.44970703125
        ],
        "v": [
            1.662919998168945,
            -2.636009216308594,
            0.747082710266113
        ],
        "w": [
            -2.793968e-09,
            -9.31323e-10,
            -9.31323e-10
        ],
        "tauSys": -1.89058483e-07,
        "tau": 0.000401012599468,
        "gamma": -9.09e-13,
        "name": "Спутник 13"
    },
    "Спутник 14": {
        "health": 0,
        "age": 0,
        "flags": 141,
        "sv": 14,
        "frqNum": -7,
        "dne": 578,
        "tk": 77400,
        "tb": 78300,
        "r": [
            -16050.5732421875,
            14867.69921875,
            13161.53955078125
        ],
        "v": [
            1.122589111328125,
            -1.430501937866211,
            2.971652984619141
        ],
        "w": [
            -1.862645e-09,
            -9.31323e-10,
            0.0
        ],
        "tauSys": -1.89058483e-07,
        "tau": 1.251604408e-05,
        "gamma": -9.09e-13,
        "name": "Спутник 14"
    },
    "Спутник 19": {
        "health": 0,
        "age": 0,
        "flags": 141,
        "sv": 19,
        "frqNum": 3,
        "dne": 578,
        "tk": 77400,
        "tb": 78300,
        "r": [
            12398.8369140625,
            22230.0537109375,
            1671.18994140625
        ],
        "v": [
            0.273331642150879,
            0.116469383239746,
            -3.573365211486816
        ],
        "w": [
            1.862645e-09,
            0.0,
            -1.862645e-09
        ],
        "tauSys": -1.89058483e-07,
        "tau": 6.5584667027e-05,
        "gamma": -9.09e-13,
        "name": "Спутник 19"
    },
    "Спутник 20": {
        "health": 0,
        "age": 0,
        "flags": 141,
        "sv": 20,
        "frqNum": 2,
        "dne": 578,
        "tk": 77400,
        "tb": 78300,
        "r": [
            14947.75830078125,
            11321.74462890625,
            17328.31982421875
        ],
        "v": [
            1.20386791229248,
            2.046018600463867,
            -2.370450973510742
        ],
        "w": [
            0.0,
            0.0,
            -2.793968e-09
        ],
        "tauSys": -1.89058483e-07,
        "tau": 5.8603473008e-05,
        "gamma": -9.09e-13,
        "name": "Спутник 20"
    },
    "Спутник 21": {
        "health": 0,
        "age": 0,
        "flags": 141,
        "sv": 21,
        "frqNum": 4,
        "dne": 578,
        "tk": 77400,
        "tb": 78300,
        "r": [
            10180.48388671875,
            -3836.06884765625,
            23064.70458984375
        ],
        "v": [
            1.483661651611328,
            2.790823936462402,
            -0.199043273925781
        ],
        "w": [
            0.0,
            0.0,
            -1.862645e-09
        ],
        "tauSys": -1.89058483e-07,
        "tau": 8.144415915e-06,
        "gamma": -9.09e-13,
        "name": "Спутник 21"
    },
    "Спутник 22": {
        "health": 0,
        "age": 0,
        "flags": 140,
        "sv": 22,
        "frqNum": -3,
        "dne": 578,
        "tk": 77940,
        "tb": 78300,
        "r": [
            -344.43994140625,
            -18270.123046875,
            17727.150390625
        ],
        "v": [
            1.049692153930664,
            2.198596000671387,
            2.299607276916504
        ],
        "w": [
            -1.862645e-09,
            0.0,
            0.0
        ],
        "tauSys": -1.89058483e-07,
        "tau": -9.2483125627e-05,
        "gamma": 0.0,
        "name": "Спутник 22"
    }
}